1545751628,Y,Y,N,N,N,N,N,N,N,N,N,N,N,N,N,N,Y,Y,N,N,N,N,N,N,N,N,N,
ranabahu,Y,Y,Y,Y,N,Y,Y,Y,Y,Y,Y,N,N,N,N,Y,Y,Y,Y,N,Y,N,N,N,N,Y,N,
akshayrelan,Y,Y,Y,N,Y,Y,Y,Y,Y,Y,Y,N,N,N,N,N,Y,N,Y,N,N,N,N,Y,Y,Y,N,
100000202150473,Y,Y,N,N,N,N,N,N,N,N,N,N,N,N,N,N,Y,N,N,N,N,N,N,N,N,N,N,
akjoshi,Y,Y,N,N,N,N,N,N,N,N,N,N,N,N,N,N,N,Y,N,N,N,N,N,N,N,Y,N,
andrew.tianyucc,Y,Y,Y,N,N,N,N,N,Y,N,N,N,N,N,N,N,Y,N,N,Y,N,N,N,N,N,Y,N,
mmrps,Y,Y,Y,N,N,N,N,N,N,N,N,Y,N,N,Y,N,N,N,Y,N,Y,Y,N,N,N,Y,N,
100002354474253,Y,Y,Y,N,N,Y,Y,N,N,Y,Y,N,N,N,Y,Y,Y,N,Y,Y,N,N,N,N,N,N,N,
ashwin.manjunatha,Y,Y,Y,N,N,N,N,N,N,N,N,N,N,N,N,N,Y,N,N,N,N,N,N,N,N,Y,N,
537530294,Y,Y,Y,N,N,Y,Y,Y,N,N,N,N,N,N,N,N,Y,N,Y,Y,N,N,N,N,N,N,N,
100002360277916,Y,Y,Y,N,N,N,N,N,N,N,N,N,N,N,N,N,Y,N,N,N,N,N,N,N,N,N,N,
1041985928,Y,Y,N,N,N,N,N,N,N,N,N,N,N,N,N,N,Y,N,N,N,N,N,N,N,N,N,N,
chrisitanjohnson,Y,Y,Y,N,N,N,N,N,N,N,N,N,N,N,N,N,Y,N,N,N,N,N,N,N,N,Y,N,
100001044291829,Y,Y,Y,N,N,N,N,N,N,Y,N,N,N,N,N,N,N,N,N,N,N,N,N,N,N,N,N,
1463257083,Y,Y,Y,N,N,N,N,Y,N,Y,Y,N,N,N,N,N,Y,Y,N,N,N,N,N,N,N,N,N,
100001915087849,Y,Y,N,N,N,Y,N,N,N,N,N,N,N,N,N,N,N,N,N,N,N,N,N,N,N,N,N,
dixit2511,Y,Y,Y,N,N,Y,Y,N,Y,Y,N,N,N,N,N,N,Y,N,N,N,N,N,N,N,N,Y,N,
100002085027026,Y,Y,N,N,N,N,N,N,N,N,N,N,N,N,N,N,Y,N,N,N,N,N,N,N,N,N,N,
wing2ofsky,Y,Y,Y,N,N,Y,N,N,N,N,N,N,N,N,N,N,N,N,N,N,N,N,N,N,N,Y,N,
522770507,Y,Y,Y,N,N,N,N,N,N,N,N,Y,N,N,N,N,Y,Y,Y,Y,N,N,N,N,N,N,N,
100002412486582,Y,Y,Y,N,N,Y,Y,N,N,N,N,N,N,N,N,N,Y,N,N,Y,Y,N,N,N,N,N,N,
farrahwu,Y,Y,Y,N,N,Y,Y,N,N,N,N,N,N,N,Y,Y,Y,Y,N,N,N,Y,N,N,N,Y,N,
1191115463,Y,Y,Y,N,N,N,Y,Y,N,Y,Y,N,N,N,N,N,Y,N,N,N,N,N,N,N,N,N,N,
100001767257001,Y,Y,Y,N,N,Y,Y,N,N,N,Y,N,N,N,N,N,Y,N,N,N,N,N,N,N,N,N,N,
100000715299975,Y,Y,N,N,N,Y,Y,Y,N,Y,Y,N,N,N,N,Y,Y,N,Y,N,N,N,N,N,N,N,N,
100002011931171,Y,Y,Y,N,N,Y,Y,N,N,N,N,N,N,N,N,N,Y,N,N,Y,Y,N,N,N,N,N,N,
haijuang,Y,Y,Y,N,N,Y,Y,N,N,N,N,N,N,N,N,N,Y,N,Y,N,N,N,N,N,N,Y,N,
hailong.shi,Y,Y,Y,N,N,N,N,Y,Y,N,N,N,N,N,N,N,Y,N,N,N,N,N,N,N,N,Y,N,
1595685795,Y,Y,Y,N,N,N,N,N,Y,Y,Y,N,N,N,N,N,Y,Y,Y,N,N,N,N,N,N,N,N,
harini.krishnan,Y,Y,N,N,N,N,N,N,N,N,N,N,N,N,N,N,N,N,N,N,N,N,N,N,N,Y,N,
patni.harshal,Y,Y,Y,N,N,Y,Y,Y,Y,Y,Y,N,N,N,Y,Y,Y,N,Y,Y,Y,Y,N,Y,N,Y,N,
hpurohit1,Y,Y,N,N,N,N,N,N,N,N,N,Y,N,N,N,N,Y,Y,N,N,Y,N,N,N,N,Y,N,
100000209037811,Y,Y,Y,N,N,Y,Y,N,N,Y,N,N,N,N,Y,N,Y,N,N,N,Y,N,N,N,N,N,N,
100000507632596,N,N,N,N,N,N,N,N,N,N,N,N,N,N,N,N,Y,N,N,N,N,N,N,N,N,N,N,
1748419434,Y,Y,Y,N,N,Y,Y,N,N,N,N,N,N,N,N,Y,Y,N,N,N,N,N,N,N,N,N,N,
1667741966,Y,Y,Y,N,N,N,Y,N,N,Y,Y,N,N,N,Y,N,Y,N,N,N,N,N,N,N,N,N,N,
100001760307523,Y,Y,Y,N,N,N,N,N,N,N,N,N,N,N,N,N,N,N,N,N,N,N,N,N,N,N,N,
100000251068251,Y,Y,Y,N,N,N,N,N,N,N,N,N,N,N,N,N,Y,N,Y,N,N,N,N,N,N,N,N,
100000301342849,Y,Y,N,N,N,N,N,N,Y,N,N,N,N,N,N,N,Y,N,Y,N,N,N,N,N,N,N,N,
1023506121,Y,Y,Y,N,N,Y,Y,N,Y,Y,N,N,N,N,Y,N,Y,N,N,N,N,N,N,N,N,N,N,
jonathan.sedeyn,Y,Y,Y,N,N,Y,Y,N,Y,N,Y,N,N,N,Y,N,N,N,N,N,N,N,N,N,N,Y,N,
100002802840432,Y,Y,N,N,N,N,N,N,N,N,N,N,N,N,N,N,Y,N,N,N,N,N,N,N,N,N,N,
1430612678,Y,Y,Y,N,N,N,Y,N,N,N,N,N,N,N,Y,N,Y,Y,N,N,N,N,N,N,N,N,N,
kalpa.gunaratna,Y,Y,Y,N,N,Y,Y,Y,Y,Y,Y,N,N,N,N,Y,Y,Y,N,N,N,N,N,N,N,Y,N,
ilovehimtimesinfinityplus2,Y,Y,N,N,N,N,N,N,N,N,N,N,N,N,N,N,Y,N,N,N,N,N,N,N,N,N,N,
773414002,Y,Y,Y,N,N,N,N,N,Y,N,N,N,N,N,N,N,Y,N,N,N,N,N,N,N,N,N,N,
gtkeke,Y,Y,Y,N,N,Y,N,Y,Y,Y,N,N,N,N,N,N,N,Y,N,N,N,N,N,N,N,Y,N,
100000426114639,Y,Y,Y,N,N,N,N,N,Y,N,N,N,N,N,N,N,Y,N,N,N,N,N,N,N,N,N,N,
kunal2004,Y,Y,N,N,N,Y,Y,Y,Y,Y,Y,N,N,N,Y,N,Y,N,N,N,N,N,N,N,N,Y,N,
lalitha.sravanthi,Y,Y,Y,Y,N,N,Y,Y,N,N,Y,Y,N,N,Y,Y,Y,N,Y,N,Y,N,N,N,N,Y,N,
100000864218509,Y,Y,N,N,N,Y,N,N,Y,N,N,N,N,N,N,N,Y,N,Y,N,N,N,N,N,N,N,N,
1669626856,N,N,N,N,N,N,N,N,N,N,N,N,N,N,N,N,Y,N,N,N,N,N,N,N,N,N,N,
100000331931139,Y,N,Y,N,N,Y,Y,N,N,N,N,N,N,N,N,N,Y,N,N,N,N,N,N,N,N,N,N,
100002083773793,Y,Y,Y,N,N,Y,Y,Y,N,Y,N,N,N,N,N,N,Y,N,N,N,N,N,N,N,N,N,N,
100000290351300,N,N,Y,N,N,Y,N,N,N,N,N,N,N,N,Y,Y,Y,N,N,N,N,N,N,N,N,N,N,
717456795,Y,Y,Y,N,N,Y,Y,N,N,N,N,N,N,N,N,N,N,Y,N,N,N,N,N,N,N,N,N,
610748700,Y,Y,N,N,N,N,N,N,N,N,N,N,N,N,N,N,N,N,N,N,N,N,N,N,N,N,N,
m33na,Y,Y,N,N,N,N,N,N,N,N,N,N,N,N,N,N,Y,Y,N,N,N,N,N,N,N,Y,N,
100001463449605,Y,Y,Y,N,N,N,N,N,N,Y,N,N,N,N,N,N,Y,N,N,Y,N,N,N,N,N,N,N,
100000810251604,Y,Y,Y,N,N,Y,N,N,N,N,Y,N,N,N,N,N,Y,N,N,N,N,N,N,N,N,N,N,
100000152103203,Y,Y,N,Y,N,N,N,N,N,N,N,N,N,N,Y,N,Y,N,Y,N,N,N,N,N,N,N,N,
100000626494862,Y,Y,Y,N,N,Y,Y,Y,Y,N,N,N,N,N,N,N,Y,N,N,N,N,N,N,N,N,N,N,
1520895761,Y,Y,Y,N,N,Y,N,N,Y,Y,N,N,N,N,N,N,Y,N,N,N,N,N,N,N,N,N,N,
100000366509229,Y,Y,N,N,N,N,N,N,N,N,N,N,N,N,N,N,Y,N,N,N,N,N,N,N,N,N,N,
100000315987378,Y,Y,Y,N,N,Y,Y,N,N,Y,Y,N,N,N,N,N,Y,N,N,N,N,N,N,N,N,N,N,
1192497925,Y,Y,Y,N,N,N,N,Y,Y,N,N,N,N,N,N,N,Y,Y,Y,N,Y,N,N,N,N,N,N,
1315692290,Y,Y,Y,N,N,Y,Y,N,N,N,N,N,N,N,N,N,N,N,N,N,N,N,N,N,N,N,N,
724741654,Y,Y,N,N,N,N,N,N,N,N,N,N,N,N,N,N,N,N,N,N,N,N,N,N,N,N,N,
noldy.lakoro,Y,Y,Y,N,N,N,N,N,N,N,N,N,N,N,N,N,Y,N,N,N,N,N,N,N,N,Y,N,
hitzler,Y,Y,Y,N,N,N,N,Y,Y,Y,N,N,N,N,N,N,Y,Y,N,N,N,Y,N,N,Y,Y,N,
100000206957720,Y,N,Y,N,N,Y,Y,N,N,Y,N,N,N,N,N,N,Y,N,N,Y,N,N,N,N,N,N,N,
100002865896665,Y,Y,N,N,N,N,N,N,N,N,N,N,N,N,N,N,Y,N,N,N,N,N,N,N,N,N,N,
PramodAnantharam,Y,Y,Y,N,N,Y,Y,Y,Y,Y,Y,N,N,N,N,N,Y,Y,Y,N,Y,Y,N,N,N,Y,N,
vinayakponangi,Y,Y,Y,N,N,Y,Y,Y,Y,Y,Y,N,N,N,N,N,Y,Y,N,N,N,N,N,N,N,Y,N,
100000642650459,Y,Y,Y,N,N,N,N,N,N,N,N,N,N,N,N,N,Y,N,N,N,N,N,N,N,N,N,N,
699671539,Y,Y,Y,N,N,Y,N,Y,Y,Y,N,N,N,N,N,Y,Y,N,N,N,N,N,N,N,N,N,N,
raisa.gorbachev,Y,Y,N,N,N,N,N,N,N,N,N,N,N,N,Y,Y,Y,N,N,N,N,N,N,N,N,Y,N,
renae.schoen,Y,Y,N,N,N,Y,N,N,N,N,Y,N,N,N,N,N,Y,N,N,N,N,N,N,N,N,Y,N,
100000603241231,Y,Y,Y,N,N,N,N,N,N,N,N,N,N,N,N,N,Y,N,N,N,N,N,N,N,N,N,N,
1168029892,Y,Y,Y,N,N,Y,Y,N,Y,N,Y,N,N,N,N,N,Y,N,Y,Y,N,N,N,N,N,N,N,
616002923,N,N,Y,N,N,N,N,N,N,N,N,N,N,N,N,N,N,N,N,N,N,N,N,N,N,N,N,
100002136859005,Y,Y,Y,N,N,N,N,N,N,N,N,N,N,N,Y,N,Y,N,Y,N,N,N,N,N,N,N,N,
shoale.hosseini,Y,Y,N,N,N,N,N,N,N,N,N,N,N,N,Y,N,Y,N,N,N,N,N,N,N,N,Y,N,
sujan.udayanga,Y,Y,Y,N,N,Y,Y,N,N,N,N,N,N,N,Y,N,Y,N,N,N,N,N,N,N,N,Y,N,
100001294127240,Y,Y,Y,N,N,Y,Y,Y,N,Y,N,N,N,N,N,N,Y,N,N,N,Y,N,N,N,N,N,N,
titianastarr,Y,Y,Y,N,N,Y,Y,Y,N,Y,N,N,N,N,N,Y,Y,N,Y,Y,N,N,N,N,N,Y,N,
1499360177,N,N,Y,N,N,N,N,N,N,N,N,N,N,N,N,N,Y,Y,N,N,N,N,N,N,N,N,N,
100000223005099,Y,Y,N,N,N,N,N,N,N,N,N,N,N,N,N,N,N,N,N,N,N,N,N,N,N,N,N,
vinh.nguyen.vn,Y,Y,Y,N,N,Y,Y,Y,Y,Y,Y,N,N,N,N,N,Y,Y,N,N,Y,Y,N,N,N,Y,N,
100001401617407,Y,Y,Y,N,N,Y,Y,Y,N,Y,Y,N,N,N,Y,N,Y,N,N,Y,N,Y,N,N,N,N,N,
waver.chen,Y,Y,Y,N,N,Y,Y,Y,Y,Y,N,N,N,N,Y,N,Y,N,N,Y,Y,N,N,N,N,Y,N,
652663887,Y,Y,Y,N,N,Y,N,N,N,N,N,N,N,N,N,Y,N,N,N,N,N,N,N,N,N,N,N,
100000260503180,Y,Y,Y,N,N,Y,Y,N,Y,Y,N,N,N,N,N,Y,Y,N,Y,N,N,N,N,N,N,N,N,
619048299,Y,Y,N,N,N,N,N,N,Y,Y,N,N,N,N,N,N,N,N,N,N,N,N,N,N,N,N,N,
100000060777749,Y,Y,Y,N,N,Y,N,N,N,N,N,N,N,N,N,N,Y,N,N,N,N,N,N,N,N,N,N,
100000415613343,Y,Y,Y,N,N,Y,N,N,Y,N,N,N,N,N,N,N,Y,N,Y,N,Y,N,N,N,N,N,N,
100000264558182,Y,Y,Y,N,N,Y,Y,N,N,Y,N,N,N,N,N,N,Y,N,N,N,N,N,N,N,N,N,N,
100001607104836,Y,Y,Y,N,N,N,N,Y,N,Y,Y,N,N,N,N,N,Y,N,N,N,N,N,N,N,N,N,N,
100000799876327,Y,N,Y,N,N,N,N,N,N,N,N,N,N,N,N,N,Y,N,N,N,N,N,N,N,N,N,N,
